Workbook

Sheet Excercise
A1: Excel Test
A2: MOVIE | B2: Distributor | C2: GENRE | D2: Jul-21 | E2: Aug-21 | F2: Sep-21 | G2: Oct-21 | H2: Nov-21 | I2: Dec-21 | J2: Jan-22 | K2: Average | L2: Min | M2: Max | N2: Total | O2: MoM | P2: Performance
A3: Transformers: Revenge of the Fallen | B3: =_xlfn.XLOOKUP(Table2[[#This Row],[MOVIE]],Data!$A$2:$A$17,Data!$B$2:$B$17) -> Paramount Pictures | C3: Action | D3: 908851 | E3: 953741 | F3: 924366 | G3: 907576 | H3: 945771 | I3: 1928656 | J3: 1023031 | K3: =AVERAGE(Table2[[#This Row],[Jul-21]:[Jan-22]]) -> 1084570.3 | L3: =MIN(Table2[[#This Row],[Jul-21]:[Jan-22]]) -> 907576 | M3: =MAX(Table2[[#This Row],[Jul-21]:[Jan-22]]) -> 1928656 | N3: =SUM(Table2[[#This Row],[Jul-21]:[Jan-22]]) -> 7591992 | O3: =Table2[[#This Row],[Jan-22]]/Table2[[#This Row],[Dec-21]]-1 -> -0.46956274 | P3: =IF(Table2[[#This Row],[Average]]>AVERAGE(Table2[Average]),"Above Average","Below Average") -> Above Average
A4: Finding Nemo | B4: =_xlfn.XLOOKUP(Table2[[#This Row],[MOVIE]],Data!$A$2:$A$17,Data!$B$2:$B$17) -> Walt Disney | C4: Adventure | D4: 544951 | E4: 576636 | F4: 564851 | G4: 516416 | H4: 558496 | I4: 1139066 | J4: 606996 | K4: =AVERAGE(Table2[[#This Row],[Jul-21]:[Jan-22]]) -> 643916 | L4: =MIN(Table2[[#This Row],[Jul-21]:[Jan-22]]) -> 516416 | M4: =MAX(Table2[[#This Row],[Jul-21]:[Jan-22]]) -> 1139066 | N4: =SUM(Table2[[#This Row],[Jul-21]:[Jan-22]]) -> 4507412 | O4: =Table2[[#This Row],[Jan-22]]/Table2[[#This Row],[Dec-21]]-1 -> -0.46711077 | P4: =IF(Table2[[#This Row],[Average]]>AVERAGE(Table2[Average]),"Above Average","Below Average") -> Above Average
A5: Batman Forever | B5: =_xlfn.XLOOKUP(Table2[[#This Row],[MOVIE]],Data!$A$2:$A$17,Data!$B$2:$B$17) -> Warner Bros. | C5: Drama | D5: 259311 | E5: 263611 | F5: 263801 | G5: 279256 | H5: 283426 | I5: 590476 | J5: 300861 | K5: =AVERAGE(Table2[[#This Row],[Jul-21]:[Jan-22]]) -> 320106 | L5: =MIN(Table2[[#This Row],[Jul-21]:[Jan-22]]) -> 259311 | M5: =MAX(Table2[[#This Row],[Jul-21]:[Jan-22]]) -> 590476 | N5: =SUM(Table2[[#This Row],[Jul-21]:[Jan-22]]) -> 2240742 | O5: =Table2[[#This Row],[Jan-22]]/Table2[[#This Row],[Dec-21]]-1 -> -0.49047717 | P5: =IF(Table2[[#This Row],[Average]]>AVERAGE(Table2[Average]),"Above Average","Below Average") -> Above Average
A6: Titanic | B6: =_xlfn.XLOOKUP(Table2[[#This Row],[MOVIE]],Data!$A$2:$A$17,Data!$B$2:$B$17) -> Paramount Pictures | C6: Adventure | D6: 81641 | E6: 86581 | F6: 78091 | G6: 92076 | H6: 94381 | I6: 187256 | J6: 111241 | K6: =AVERAGE(Table2[[#This Row],[Jul-21]:[Jan-22]]) -> 104466.71 | L6: =MIN(Table2[[#This Row],[Jul-21]:[Jan-22]]) -> 78091 | M6: =MAX(Table2[[#This Row],[Jul-21]:[Jan-22]]) -> 187256 | N6: =SUM(Table2[[#This Row],[Jul-21]:[Jan-22]]) -> 731267 | O6: =Table2[[#This Row],[Jan-22]]/Table2[[#This Row],[Dec-21]]-1 -> -0.4059416 | P6: =IF(Table2[[#This Row],[Average]]>AVERAGE(Table2[Average]),"Above Average","Below Average") -> Below Average
A7: Independence Day | B7: =_xlfn.XLOOKUP(Table2[[#This Row],[MOVIE]],Data!$A$2:$A$17,Data!$B$2:$B$17) -> 20th Century Fox | C7: Adventure | D7: 14506 | E7: 18876 | F7: 8641 | G7: 5236 | H7: 5066 | I7: 2286 | J7: 1316 | K7: =AVERAGE(Table2[[#This Row],[Jul-21]:[Jan-22]]) -> 7989.5714 | L7: =MIN(Table2[[#This Row],[Jul-21]:[Jan-22]]) -> 1316 | M7: =MAX(Table2[[#This Row],[Jul-21]:[Jan-22]]) -> 18876 | N7: =SUM(Table2[[#This Row],[Jul-21]:[Jan-22]]) -> 55927 | O7: =Table2[[#This Row],[Jan-22]]/Table2[[#This Row],[Dec-21]]-1 -> -0.42432196 | P7: =IF(Table2[[#This Row],[Average]]>AVERAGE(Table2[Average]),"Above Average","Below Average") -> Below Average
A8: Pirates of the Caribbean: Dead Man’s Chest | B8: =_xlfn.XLOOKUP(Table2[[#This Row],[MOVIE]],Data!$A$2:$A$17,Data!$B$2:$B$17) -> Walt Disney | C8: Action | D8: 5746 | E8: 5816 | F8: 5836 | G8: 5671 | H8: 5841 | I8: 10066 | J8: 5821 | K8: =AVERAGE(Table2[[#This Row],[Jul-21]:[Jan-22]]) -> 6399.5714 | L8: =MIN(Table2[[#This Row],[Jul-21]:[Jan-22]]) -> 5671 | M8: =MAX(Table2[[#This Row],[Jul-21]:[Jan-22]]) -> 10066 | N8: =SUM(Table2[[#This Row],[Jul-21]:[Jan-22]]) -> 44797 | O8: =Table2[[#This Row],[Jan-22]]/Table2[[#This Row],[Dec-21]]-1 -> -0.42171667 | P8: =IF(Table2[[#This Row],[Average]]>AVERAGE(Table2[Average]),"Above Average","Below Average") -> Below Average
A9: Harry Potter and the Sorcerer’s Stone | B9: =_xlfn.XLOOKUP(Table2[[#This Row],[MOVIE]],Data!$A$2:$A$17,Data!$B$2:$B$17) -> Warner Bros. | C9: Adventure | D9: 7586 | E9: 7081 | F9: 8006 | G9: 12296 | H9: 1246 | I9: 1246 | J9: 1246 | K9: =AVERAGE(Table2[[#This Row],[Jul-21]:[Jan-22]]) -> 5529.5714 | L9: =MIN(Table2[[#This Row],[Jul-21]:[Jan-22]]) -> 1246 | M9: =MAX(Table2[[#This Row],[Jul-21]:[Jan-22]]) -> 12296 | N9: =SUM(Table2[[#This Row],[Jul-21]:[Jan-22]]) -> 38707 | O9: =Table2[[#This Row],[Jan-22]]/Table2[[#This Row],[Dec-21]]-1 -> 0 | P9: =IF(Table2[[#This Row],[Average]]>AVERAGE(Table2[Average]),"Above Average","Below Average") -> Below Average
A10: Men in Black | B10: =_xlfn.XLOOKUP(Table2[[#This Row],[MOVIE]],Data!$A$2:$A$17,Data!$B$2:$B$17) -> Sony Pictures | C10: Adventure | D10: 2251 | E10: 2286 | F10: 2286 | G10: 3756 | H10: 4451 | I10: 4956 | J10: 2671 | K10: =AVERAGE(Table2[[#This Row],[Jul-21]:[Jan-22]]) -> 3236.7143 | L10: =MIN(Table2[[#This Row],[Jul-21]:[Jan-22]]) -> 2251 | M10: =MAX(Table2[[#This Row],[Jul-21]:[Jan-22]]) -> 4956 | N10: =SUM(Table2[[#This Row],[Jul-21]:[Jan-22]]) -> 22657 | O10: =Table2[[#This Row],[Jan-22]]/Table2[[#This Row],[Dec-21]]-1 -> -0.4610573 | P10: =IF(Table2[[#This Row],[Average]]>AVERAGE(Table2[Average]),"Above Average","Below Average") -> Below Average
A11: Star Wars Ep. I: The Phantom Menace | B11: =_xlfn.XLOOKUP(Table2[[#This Row],[MOVIE]],Data!$A$2:$A$17,Data!$B$2:$B$17) -> 20th Century Fox | C11: Adventure | D11: 1506 | E11: 1501 | F11: 1501 | G11: 1516 | H11: 1501 | I11: 1746 | J11: 1496 | K11: =AVERAGE(Table2[[#This Row],[Jul-21]:[Jan-22]]) -> 1538.1429 | L11: =MIN(Table2[[#This Row],[Jul-21]:[Jan-22]]) -> 1496 | M11: =MAX(Table2[[#This Row],[Jul-21]:[Jan-22]]) -> 1746 | N11: =SUM(Table2[[#This Row],[Jul-21]:[Jan-22]]) -> 10767 | O11: =Table2[[#This Row],[Jan-22]]/Table2[[#This Row],[Dec-21]]-1 -> -0.14318442 | P11: =IF(Table2[[#This Row],[Average]]>AVERAGE(Table2[Average]),"Above Average","Below Average") -> Below Average
A12: How the Grinch Stole Christmas | B12: =_xlfn.XLOOKUP(Table2[[#This Row],[MOVIE]],Data!$A$2:$A$17,Data!$B$2:$B$17) -> Universal | C12: Adventure | D12: 1296 | E12: 1296 | F12: 1296 | G12: 1291 | H12: 1296 | I12: 1346 | J12: 1296 | K12: =AVERAGE(Table2[[#This Row],[Jul-21]:[Jan-22]]) -> 1302.4286 | L12: =MIN(Table2[[#This Row],[Jul-21]:[Jan-22]]) -> 1291 | M12: =MAX(Table2[[#This Row],[Jul-21]:[Jan-22]]) -> 1346 | N12: =SUM(Table2[[#This Row],[Jul-21]:[Jan-22]]) -> 9117 | O12: =Table2[[#This Row],[Jan-22]]/Table2[[#This Row],[Dec-21]]-1 -> -0.037147103 | P12: =IF(Table2[[#This Row],[Average]]>AVERAGE(Table2[Average]),"Above Average","Below Average") -> Below Average
A13: Spider-Man 3 | B13: =_xlfn.XLOOKUP(Table2[[#This Row],[MOVIE]],Data!$A$2:$A$17,Data!$B$2:$B$17) -> Sony Pictures | C13: Adventure | D13: 1246 | E13: 1246 | F13: 1246 | G13: 1251 | H13: 1256 | I13: 1396 | J13: 1256 | K13: =AVERAGE(Table2[[#This Row],[Jul-21]:[Jan-22]]) -> 1271 | L13: =MIN(Table2[[#This Row],[Jul-21]:[Jan-22]]) -> 1246 | M13: =MAX(Table2[[#This Row],[Jul-21]:[Jan-22]]) -> 1396 | N13: =SUM(Table2[[#This Row],[Jul-21]:[Jan-22]]) -> 8897 | O13: =Table2[[#This Row],[Jan-22]]/Table2[[#This Row],[Dec-21]]-1 -> -0.10028653 | P13: =IF(Table2[[#This Row],[Average]]>AVERAGE(Table2[Average]),"Above Average","Below Average") -> Below Average
A14: Shrek 2 | B14: =_xlfn.XLOOKUP(Table2[[#This Row],[MOVIE]],Data!$A$2:$A$17,Data!$B$2:$B$17) -> Dreamworks SKG | C14: Adventure | D14: 1271 | E14: 1271 | F14: 1271 | G14: 1271 | H14: 1271 | I14: 1276 | J14: 1246 | K14: =AVERAGE(Table2[[#This Row],[Jul-21]:[Jan-22]]) -> 1268.1429 | L14: =MIN(Table2[[#This Row],[Jul-21]:[Jan-22]]) -> 1246 | M14: =MAX(Table2[[#This Row],[Jul-21]:[Jan-22]]) -> 1276 | N14: =SUM(Table2[[#This Row],[Jul-21]:[Jan-22]]) -> 8877 | O14: =Table2[[#This Row],[Jan-22]]/Table2[[#This Row],[Dec-21]]-1 -> -0.023510972 | P14: =IF(Table2[[#This Row],[Average]]>AVERAGE(Table2[Average]),"Above Average","Below Average") -> Below Average
... A18: Toy Story 3 | B18: =_xlfn.XLOOKUP(Table2[[#This Row],[MOVIE]],Data!$A$2:$A$17,Data!$B$2:$B$17) -> Walt Disney | C18: Action | D18: 1246 | E18: 1246 | F18: 1246 | G18: 1246 | H18: 1246 | I18: 1246 | J18: 1246 | K18: =AVERAGE(Table2[[#This Row],[Jul-21]:[Jan-22]]) -> 1246 | L18: =MIN(Table2[[#This Row],[Jul-21]:[Jan-22]]) -> 1246 | M18: =MAX(Table2[[#This Row],[Jul-21]:[Jan-22]]) -> 1246 | N18: =SUM(Table2[[#This Row],[Jul-21]:[Jan-22]]) -> 8722 | O18: =Table2[[#This Row],[Jan-22]]/Table2[[#This Row],[Dec-21]]-1 -> 0 | P18: =IF(Table2[[#This Row],[Average]]>AVERAGE(Table2[Average]),"Above Average","Below Average") -> Below Average
A21: Row Labels | B21: Sum of Total | C21: Sum of Average | E21: Row Labels | F21: Sum of Average
A22: 20th Century Fox | B22: 75416 | C22: 10773.714 | E22: Action | F22: 1093461.9
A23: Dreamworks SKG | B23: 8877 | C23: 1268.1429 | E23: Adventure | F23: 773016.71
A24: Paramount Pictures | B24: 8323259 | C24: 1189037 | E24: Drama | F24: 320106
A25: Sony Pictures | B25: 40276 | C25: 5753.7143 | E25: Grand Total | F25: 2186584.6
A26: Universal | B26: 9117 | C26: 1302.4286
A27: Walt Disney | B27: 4560931 | C27: 651561.57
A28: Warner Bros. | B28: 2288216 | C28: 326888
A29: Grand Total | B29: 15306092 | C29: 2186584.6
A31: Row Labels | B31: Sum of Total
A32: Independence Day | B32: 55927
A33: Titanic | B33: 731267
A34: Batman Forever | B34: 2240742
A35: Finding Nemo | B35: 4507412
A36: Transformers: Revenge of the Fallen | B36: 7591992
A37: Grand Total | B37: 15127340
E43: Row Labels | F43: Sum of Average
E44: Warner Bros. | F44: 326888
E45: Walt Disney | F45: 651561.57
E46: Paramount Pictures | F46: 1189037
E47: Grand Total | F47: 2167486.6

Sheet Data
A1: MOVIE | B1: DISTRIBUTOR
A2: Batman Forever | B2: Warner Bros.
A3: Independence Day | B3: 20th Century Fox
A4: Men in Black | B4: Sony Pictures
A5: Titanic | B5: Paramount Pictures
A6: Star Wars Ep. I: The Phantom Menace | B6: 20th Century Fox
A7: How the Grinch Stole Christmas | B7: Universal
A8: Harry Potter and the Sorcerer’s Stone | B8: Warner Bros.
A9: Spider-Man | B9: Sony Pictures
A10: Finding Nemo | B10: Walt Disney
A11: Shrek 2 | B11: Dreamworks SKG
A12: Star Wars Ep. III: Revenge of the Sith | B12: 20th Century Fox
... A17: Toy Story 3 | B17: Walt Disney
