Workbook

Sheet Daftar Gaji Karyawan
B2: LAPORAN DAFTAR GAJI KARYAWAN
B4: Dari Tanggal: | D4: 43466 | E4: s/d | F4: 43496
B6: NO. | C6: NIK | D6: NAMA | E6: KODE | F6: JABATAN | G6: HARI | H6: ABSEN | I6: HARI | J6: GAJI POKOK | K6: UANG MAKAN | M6: TUNJANGAN | N6: GAJI BERSIH
D7: KARYAWAN | E7: JABATAN | G7: NORMAL | H7: (HARI) | I7: KERJA | K7: HARIAN | L7: JUMLAH
B8: 1 | C8: K0001 | D8: Ahmad Kurniawan | E8: DIR | F8: =INDEX(Jabatan!$D$5:$D$9,MATCH('Daftar Gaji Karyawan'!E8,Jabatan!$C$5:$C$9,0)) -> DIREKTUR | G8: =_xlfn.DAYS($F$4,$D$4) -> 30 | H8: =COUNTIF('Absen Tidak Masuk Kerja'!$C$4:$C$13,'Daftar Gaji Karyawan'!C8) -> 1 | I8: =G8-H8 -> 29 | J8: =INDEX(Jabatan!$E$5:$E$9,MATCH('Daftar Gaji Karyawan'!E8,Jabatan!$C$5:$C$9,0)) -> 20000000 | K8: =INDEX(Jabatan!$G$5:$G$9,MATCH('Daftar Gaji Karyawan'!E8,Jabatan!$C$5:$C$9,0)) -> 75000 | L8: =I8*K8 -> 2175000 | M8: =_xlfn.XLOOKUP(E8,Jabatan!$C$5:$C$9,Jabatan!$F$5:$F$9) -> 3000000 | N8: =SUM(J8,L8,M8) -> 25175000
B9: 2 | C9: K0002 | D9: Septi Setiawati | E9: MGR | F9: =INDEX(Jabatan!$D$5:$D$9,MATCH('Daftar Gaji Karyawan'!E9,Jabatan!$C$5:$C$9,0)) -> MANAGER | G9: =_xlfn.DAYS($F$4,$D$4) -> 30 | H9: =COUNTIF('Absen Tidak Masuk Kerja'!$C$4:$C$13,'Daftar Gaji Karyawan'!C9) -> 3 | I9: =G9-H9 -> 27 | J9: =INDEX(Jabatan!$E$5:$E$9,MATCH('Daftar Gaji Karyawan'!E9,Jabatan!$C$5:$C$9,0)) -> 10000000 | K9: =INDEX(Jabatan!$G$5:$G$9,MATCH('Daftar Gaji Karyawan'!E9,Jabatan!$C$5:$C$9,0)) -> 50000 | L9: =I9*K9 -> 1350000 | M9: =_xlfn.XLOOKUP(E9,Jabatan!$C$5:$C$9,Jabatan!$F$5:$F$9) -> 2000000 | N9: =SUM(J9,L9,M9) -> 13350000
B10: 3 | C10: K0003 | D10: Budi Handoko | E10: KRY | F10: =INDEX(Jabatan!$D$5:$D$9,MATCH('Daftar Gaji Karyawan'!E10,Jabatan!$C$5:$C$9,0)) -> KARYAWAN | G10: =_xlfn.DAYS($F$4,$D$4) -> 30 | H10: =COUNTIF('Absen Tidak Masuk Kerja'!$C$4:$C$13,'Daftar Gaji Karyawan'!C10) -> 1 | I10: =G10-H10 -> 29 | J10: =INDEX(Jabatan!$E$5:$E$9,MATCH('Daftar Gaji Karyawan'!E10,Jabatan!$C$5:$C$9,0)) -> 5000000 | K10: =INDEX(Jabatan!$G$5:$G$9,MATCH('Daftar Gaji Karyawan'!E10,Jabatan!$C$5:$C$9,0)) -> 30000 | L10: =I10*K10 -> 870000 | M10: =_xlfn.XLOOKUP(E10,Jabatan!$C$5:$C$9,Jabatan!$F$5:$F$9) -> 750000 | N10: =SUM(J10,L10,M10) -> 6620000
B11: 4 | C11: K0004 | D11: Rahman Sucipto | E11: KRY | F11: =INDEX(Jabatan!$D$5:$D$9,MATCH('Daftar Gaji Karyawan'!E11,Jabatan!$C$5:$C$9,0)) -> KARYAWAN | G11: =_xlfn.DAYS($F$4,$D$4) -> 30 | H11: =COUNTIF('Absen Tidak Masuk Kerja'!$C$4:$C$13,'Daftar Gaji Karyawan'!C11) -> 0 | I11: =G11-H11 -> 30 | J11: =INDEX(Jabatan!$E$5:$E$9,MATCH('Daftar Gaji Karyawan'!E11,Jabatan!$C$5:$C$9,0)) -> 5000000 | K11: =INDEX(Jabatan!$G$5:$G$9,MATCH('Daftar Gaji Karyawan'!E11,Jabatan!$C$5:$C$9,0)) -> 30000 | L11: =I11*K11 -> 900000 | M11: =_xlfn.XLOOKUP(E11,Jabatan!$C$5:$C$9,Jabatan!$F$5:$F$9) -> 750000 | N11: =SUM(J11,L11,M11) -> 6650000
B12: 5 | C12: K0005 | D12: Abdul Kadir | E12: KRY | F12: =INDEX(Jabatan!$D$5:$D$9,MATCH('Daftar Gaji Karyawan'!E12,Jabatan!$C$5:$C$9,0)) -> KARYAWAN | G12: =_xlfn.DAYS($F$4,$D$4) -> 30 | H12: =COUNTIF('Absen Tidak Masuk Kerja'!$C$4:$C$13,'Daftar Gaji Karyawan'!C12) -> 1 | I12: =G12-H12 -> 29 | J12: =INDEX(Jabatan!$E$5:$E$9,MATCH('Daftar Gaji Karyawan'!E12,Jabatan!$C$5:$C$9,0)) -> 5000000 | K12: =INDEX(Jabatan!$G$5:$G$9,MATCH('Daftar Gaji Karyawan'!E12,Jabatan!$C$5:$C$9,0)) -> 30000 | L12: =I12*K12 -> 870000 | M12: =_xlfn.XLOOKUP(E12,Jabatan!$C$5:$C$9,Jabatan!$F$5:$F$9) -> 750000 | N12: =SUM(J12,L12,M12) -> 6620000
B13: 6 | C13: K0006 | D13: Zulfikar | E13: KRY | F13: =INDEX(Jabatan!$D$5:$D$9,MATCH('Daftar Gaji Karyawan'!E13,Jabatan!$C$5:$C$9,0)) -> KARYAWAN | G13: =_xlfn.DAYS($F$4,$D$4) -> 30 | H13: =COUNTIF('Absen Tidak Masuk Kerja'!$C$4:$C$13,'Daftar Gaji Karyawan'!C13) -> 1 | I13: =G13-H13 -> 29 | J13: =INDEX(Jabatan!$E$5:$E$9,MATCH('Daftar Gaji Karyawan'!E13,Jabatan!$C$5:$C$9,0)) -> 5000000 | K13: =INDEX(Jabatan!$G$5:$G$9,MATCH('Daftar Gaji Karyawan'!E13,Jabatan!$C$5:$C$9,0)) -> 30000 | L13: =I13*K13 -> 870000 | M13: =_xlfn.XLOOKUP(E13,Jabatan!$C$5:$C$9,Jabatan!$F$5:$F$9) -> 750000 | N13: =SUM(J13,L13,M13) -> 6620000
B14: 7 | C14: K0007 | D14: Muhammad Akmal | E14: KRY | F14: =INDEX(Jabatan!$D$5:$D$9,MATCH('Daftar Gaji Karyawan'!E14,Jabatan!$C$5:$C$9,0)) -> KARYAWAN | G14: =_xlfn.DAYS($F$4,$D$4) -> 30 | H14: =COUNTIF('Absen Tidak Masuk Kerja'!$C$4:$C$13,'Daftar Gaji Karyawan'!C14) -> 0 | I14: =G14-H14 -> 30 | J14: =INDEX(Jabatan!$E$5:$E$9,MATCH('Daftar Gaji Karyawan'!E14,Jabatan!$C$5:$C$9,0)) -> 5000000 | K14: =INDEX(Jabatan!$G$5:$G$9,MATCH('Daftar Gaji Karyawan'!E14,Jabatan!$C$5:$C$9,0)) -> 30000 | L14: =I14*K14 -> 900000 | M14: =_xlfn.XLOOKUP(E14,Jabatan!$C$5:$C$9,Jabatan!$F$5:$F$9) -> 750000 | N14: =SUM(J14,L14,M14) -> 6650000
B15: 8 | C15: K0008 | D15: Vika Putri | E15: KRY | F15: =INDEX(Jabatan!$D$5:$D$9,MATCH('Daftar Gaji Karyawan'!E15,Jabatan!$C$5:$C$9,0)) -> KARYAWAN | G15: =_xlfn.DAYS($F$4,$D$4) -> 30 | H15: =COUNTIF('Absen Tidak Masuk Kerja'!$C$4:$C$13,'Daftar Gaji Karyawan'!C15) -> 1 | I15: =G15-H15 -> 29 | J15: =INDEX(Jabatan!$E$5:$E$9,MATCH('Daftar Gaji Karyawan'!E15,Jabatan!$C$5:$C$9,0)) -> 5000000 | K15: =INDEX(Jabatan!$G$5:$G$9,MATCH('Daftar Gaji Karyawan'!E15,Jabatan!$C$5:$C$9,0)) -> 30000 | L15: =I15*K15 -> 870000 | M15: =_xlfn.XLOOKUP(E15,Jabatan!$C$5:$C$9,Jabatan!$F$5:$F$9) -> 750000 | N15: =SUM(J15,L15,M15) -> 6620000
B16: 9 | C16: K0009 | D16: Ridwan Budiman | E16: DRI | F16: =INDEX(Jabatan!$D$5:$D$9,MATCH('Daftar Gaji Karyawan'!E16,Jabatan!$C$5:$C$9,0)) -> DRIVER | G16: =_xlfn.DAYS($F$4,$D$4) -> 30 | H16: =COUNTIF('Absen Tidak Masuk Kerja'!$C$4:$C$13,'Daftar Gaji Karyawan'!C16) -> 1 | I16: =G16-H16 -> 29 | J16: =INDEX(Jabatan!$E$5:$E$9,MATCH('Daftar Gaji Karyawan'!E16,Jabatan!$C$5:$C$9,0)) -> 2500000 | K16: =INDEX(Jabatan!$G$5:$G$9,MATCH('Daftar Gaji Karyawan'!E16,Jabatan!$C$5:$C$9,0)) -> 25000 | L16: =I16*K16 -> 725000 | M16: =_xlfn.XLOOKUP(E16,Jabatan!$C$5:$C$9,Jabatan!$F$5:$F$9) -> 250000 | N16: =SUM(J16,L16,M16) -> 3475000
B17: 10 | C17: K0010 | D17: Asep Suyono | E17: OFB | F17: =INDEX(Jabatan!$D$5:$D$9,MATCH('Daftar Gaji Karyawan'!E17,Jabatan!$C$5:$C$9,0)) -> OFFICE BOY | G17: =_xlfn.DAYS($F$4,$D$4) -> 30 | H17: =COUNTIF('Absen Tidak Masuk Kerja'!$C$4:$C$13,'Daftar Gaji Karyawan'!C17) -> 1 | I17: =G17-H17 -> 29 | J17: =INDEX(Jabatan!$E$5:$E$9,MATCH('Daftar Gaji Karyawan'!E17,Jabatan!$C$5:$C$9,0)) -> 2000000 | K17: =INDEX(Jabatan!$G$5:$G$9,MATCH('Daftar Gaji Karyawan'!E17,Jabatan!$C$5:$C$9,0)) -> 20000 | L17: =I17*K17 -> 580000 | M17: =_xlfn.XLOOKUP(E17,Jabatan!$C$5:$C$9,Jabatan!$F$5:$F$9) -> 150000 | N17: =SUM(J17,L17,M17) -> 2730000
B18: GRAND TOTAL | J18: =SUM(J8:J17) -> 64500000 | K18: =SUM(K8:K17) -> 350000 | L18: =SUM(L8:L17) -> 10110000 | M18: =SUM(M8:M17) -> 9900000 | N18: =SUM(N8:N17) -> 84510000
B21: Keterangan Rumus
B22: 1 | C22: Jabatan | E22: : Diambil dari kolom Nama Jabatan dari Sheet Jabatan berdasarkan Kode Jabatan
B23: 2 | C23: Hari Normal | E23: : Menghitung jumlah hari kerja efektif pada periode laporan
B24: 3 | C24: Absen (Hari) | E24: : Menghitung jumlah ketidakhadiran karyawan pada Sheet Absen Tidak Masuk Kerja
B25: 4 | C25: Hari Kerja | E25: : Hari Normal - Absen (Hari)
B26: 5 | C26: Gaji Pokok | E26: : Diambil dari kolom Gaji Pokok dari Sheet Jabatan berdasarkan Kode Jabatan
B27: 6 | C27: Uang Makan Harian | E27: : Diambil dari kolom Uang Makan Per Hari dari Sheet Jabatan berdasarkan Kode Jabatan
B28: 7 | C28: Uang Makan Jumlah | E28: : Hari Kerja * Uang Makan Harian
B29: 8 | C29: Tunjangan | E29: : Diambil dari kolom Tunjangan dari Sheet Jabatan berdasarkan Kode Jabatan
B30: 9 | C30: Gaji Bersih | E30: : Gaji Pokok + Uang Makan Jumlah + Tunjangan
B31: 10 | C31: Grand Total | E31: : Total pada setiap kolom

Sheet Jabatan
B2: TABEL JABATAN
B3: NO. | C3: KODE | D3: NAMA JABATAN | E3: GAJI POKOK | F3: TUNJANGAN | G3: UANG MAKAN
C4: JABATAN | G4: PER HARI
B5: 1 | C5: DIR | D5: DIREKTUR | E5: 20000000 | F5: 3000000 | G5: 75000
B6: 2 | C6: MGR | D6: MANAGER | E6: 10000000 | F6: 2000000 | G6: 50000
B7: 3 | C7: KRY | D7: KARYAWAN | E7: 5000000 | F7: 750000 | G7: 30000
B8: 4 | C8: DRI | D8: DRIVER | E8: 2500000 | F8: 250000 | G8: 25000
B9: 5 | C9: OFB | D9: OFFICE BOY | E9: 2000000 | F9: 150000 | G9: 20000

Sheet Libur Nasional
B2: TABEL LIBUR NASIONAL
B3: NO. | C3: TANGGAL | D3: KETERANGAN
B4: 1 | C4: 43466 | D4: Tahun Baru 2019
B5: 2 | C5: =C4+11 -> 43477 | D5: Tahun Baru 2020
B6: 3 | C6: =C5+11 -> 43488 | D6: Tahun Baru 2021
B7: 4 | C7: =C6+11 -> 43499 | D7: Tahun Baru 2022
B8: 5 | C8: =C7+11 -> 43510 | D8: Tahun Baru 2023
B9: 6 | C9: =C8+11 -> 43521 | D9: Tahun Baru 2024
B10: 7 | C10: =C9+11 -> 43532 | D10: Tahun Baru 2025
B11: 8 | C11: =C10+11 -> 43543 | D11: Tahun Baru 2026
B12: 9 | C12: =C11+11 -> 43554 | D12: Tahun Baru 2027
B13: 10 | C13: =C12+11 -> 43565 | D13: Tahun Baru 2028
C14: 43476
C15: 43477

Sheet Absen Tidak Masuk Kerja
B2: ABSEN KARYAWAN TIDAK MASUK KERJA
B3: NO. | C3: NIK | D3: NAMA KARYAWAN | E3: TANGGAL | F3: KETERANGAN
B4: 1 | C4: K0002 | D4: Septi Setiawati | E4: 43468 | F4: Sakit
B5: 2 | C5: K0003 | D5: Budi Handoko | E5: 43469 | F5: Sakit
B6: 3 | C6: K0005 | D6: Abdul Kadir | E6: 43475 | F6: Sakit
B7: 4 | C7: K0006 | D7: Zulfikar | E7: 43475 | F7: Cuti
B8: 5 | C8: K0002 | D8: Septi Setiawati | E8: 43480 | F8: Sakit
B9: 6 | C9: K0001 | D9: Ahmad Kurniawan | E9: 43482 | F9: Cuti
B10: 7 | C10: K0002 | D10: Septi Setiawati | E10: 43483 | F10: Cuti
B11: 8 | C11: K0009 | D11: Ridwan Budiman | E11: 43486 | F11: Sakit
B12: 9 | C12: K0008 | D12: Vika Putri | E12: 43488 | F12: Sakit
B13: 10 | C13: K0010 | D13: Asep Suyono | E13: 43490 | F13: Cuti
